bids_name	cjv	cnr	efc	fber	fwhm_avg	fwhm_x	fwhm_y	fwhm_z	icvs_csf	icvs_gm	icvs_wm	inu_med	inu_range	qi_1	qi_2	rpve_csf	rpve_gm	rpve_wm	size_x	size_y	size_z	snr_csf	snr_gm	snr_total	snr_wm	snrd_csf	snrd_gm	snrd_total	snrd_wm	spacing_x	spacing_y	spacing_z	summary_bg_k	summary_bg_mad	summary_bg_mean	summary_bg_median	summary_bg_n	summary_bg_p05	summary_bg_p95	summary_bg_stdv	summary_csf_k	summary_csf_mad	summary_csf_mean	summary_csf_median	summary_csf_n	summary_csf_p05	summary_csf_p95	summary_csf_stdv	summary_gm_k	summary_gm_mad	summary_gm_mean	summary_gm_median	summary_gm_n	summary_gm_p05	summary_gm_p95	summary_gm_stdv	summary_wm_k	summary_wm_mad	summary_wm_mean	summary_wm_median	summary_wm_n	summary_wm_p05	summary_wm_p95	summary_wm_stdv	tpm_overlap_csf	tpm_overlap_gm	tpm_overlap_wm	wm2max
sub-03_ses-1_acq-AxialNsig2Mm1_T1w	0.26881229886702535	4.843986113776648	0.6581944269353596	-1.0	4.2376700000000005	4.15494	4.45074	4.10733	0.2583055306365549	0.43218208034300676	0.3095123890204383	0.5625468492507935	0.15705506205558784	2.1777228125633975e-05	2.1104850220689032e-05	24.68237544134955	14.79861586378492	24.313048022538947	240	240	220	1.344866873202772	8.908275393447058	13.110080463035283	29.077099122456023	11.088401589991525	53.901366297258654	50.57401494112886	86.73227693613639	1.0	1.0	1.0	248.8259427080245	0.0	3.510682923762795	0.0	550217.0	0.0	17.354202261194587	7.553547660613506	0.9956535335617094	90.88862081158082	146.0262161245917	127.84630786813796	52445.0	30.905955109745264	334.8764140281825	95.0615198789759	0.19572346778366878	69.20711245714132	620.3978402668344	621.4683526949957	46010.0	503.92292450023814	731.1756504289806	69.76227963190671	0.3716580167040826	32.54684474067788	1000.0272436936222	999.9999809972942	152448.0	943.1843124479055	1057.3683311473578	34.391212719456014	0.16175802708003859	0.4721030069906918	0.4922046630704846	0.8074327942593981
